Feature,Importance
LBGI,0.12456004861790355
HBGI,1.520735175618817
Risk,0.3837764299288967
