,Variable,Kruskal-Wallis P-Value
0,A,0.31731050786291115
1,B,0.31731050786291115
