Feature,Importance
BG,1.5414913855745251
Risk,0.10600013942937517
