Feature,Importance
BG,0.3698042184369277
CGM,0.268832747760971
LBGI,0.265796358258665
HBGI,0.09889613738818712
Risk,0.31624868649554905
Patient,1.5841410336699664
