,Variable,Kruskal-Wallis P-Value
0,S#,2.3923706279288228e-75
1,Received Date,6.630001332476365e-67
2,Dot Tagging By,1.764776980053344e-195
3,Uploaded in Medflow,2.775221237839063e-195
4,Uploaded By,1.7856095091347397e-197
5,Subdocument Type Code,0.0
6,Un Classified,1.471573215865053e-200
7,MRN Exceptions,6.0784332007585574e-148
8,Uploading Exception,1.4345598843138144e-188
9,Classified By,1.471573215865053e-200
10,MRN Extracted By,7.194245920346572e-148
11,Uploaded By.1,1.7856095091347397e-197
