Feature,Importance
BG,0.8367630109913051
LBGI,0.46467314868821274
